lot_id,purchase_date,origin,country,grade,quantity_kg,warehouse,certification,buyer_segment,cupping_score,days_held,is_rainy_season,shipment_delay_flag,global_arabica_usd,usd_kes_rate,sourcing_cost_kes_kg,storage_cost_kes_kg,logistics_cost_kes_kg,financing_cost_kes_kg,quality_loss_kes_kg,total_cost_kes_kg,spot_price_kes_kg,gross_margin_kes_kg,gross_margin_pct,is_profitable
IK-2024-0001,2024-11-23,Kirinyaga,Tanzania,AA,3308,Nairobi,None,European Roaster B,88.5,71,1,0,315.24,132.04,229.93,31.95,31.12,5.37,8,306.37,311.88,5.51,1.77,0
IK-2024-0002,2024-02-27,Nyeri,Kenya,AA,1175,Kampala,Rainforest Alliance,European Roaster A,89.1,103,0,0,363.75,134.06,217.23,46.35,42.6,7.36,20,333.54,320.15,-13.39,-4.18,0
IK-2024-0003,2024-01-13,Murang'a,Tanzania,A,3965,Nairobi,Organic,European Roaster B,83.9,104,0,0,325.6,134.87,179.72,46.8,25.39,6.14,12,270.05,225.35,-44.7,-19.84,0
IK-2024-0004,2024-05-20,Meru,Tanzania,Standard,3004,Mombasa,Organic,US Specialty,72.7,33,1,1,305.65,130.85,92.18,14.85,25.41,1.0,0,133.44,93.03,-40.41,-43.44,0
IK-2024-0005,2024-05-05,Murang'a,Tanzania,B,3467,Mombasa,None,US Specialty,76.3,64,1,0,377.22,133.79,117.19,28.8,37.13,2.47,3,188.59,141.31,-47.28,-33.46,0
IK-2024-0006,2024-04-24,Kirinyaga,Kenya,A,3286,Nairobi,Organic,Gulf Buyer,81.8,18,1,0,273.29,133.35,166.49,8.1,28.57,0.99,0,204.15,229.04,24.89,10.87,1
IK-2024-0007,2024-03-12,Meru,Kenya,B,1622,Kampala,Fair Trade,Asian Buyer,74.1,128,1,1,310.71,132.01,138.95,57.6,21.74,5.85,12,236.14,152.5,-83.64,-54.85,0
IK-2024-0008,2024-02-22,Murang'a,Uganda,B,4579,Kampala,Fair Trade,European Roaster A,75.3,12,0,0,265.04,134.69,129.21,5.4,28.57,0.51,0,163.69,191.92,28.23,14.71,1
IK-2024-0009,2024-12-12,Murang'a,Kenya,B,2071,Dar es Salaam,Rainforest Alliance,Asian Buyer,71.8,124,0,1,348.79,129.4,114.37,55.8,19.23,4.66,12,206.06,145.24,-60.82,-41.88,0
IK-2024-0010,2024-10-06,Meru,Kenya,B,2643,Mombasa,Fair Trade,European Roaster B,75.8,40,1,0,370.17,128.76,126.51,18.0,20.29,1.66,0,166.46,168.36,1.9,1.13,0
IK-2024-0011,2024-02-14,Murang'a,Tanzania,A,2187,Dar es Salaam,Rainforest Alliance,Gulf Buyer,79.5,49,0,1,293.6,133.98,163.05,22.05,29.95,2.63,0,217.68,239.75,22.07,9.21,1
IK-2024-0012,2024-10-29,Meru,Kenya,AA,4632,Kampala,None,US Specialty,84.2,110,1,0,363.0,131.07,210.69,49.5,27.57,7.62,40,335.38,287.83,-47.55,-16.52,0
IK-2024-0013,2024-08-04,Murang'a,Kenya,A,4351,Dar es Salaam,None,US Specialty,82.4,45,0,0,295.07,133.93,173.63,20.25,42.45,2.57,0,238.9,277.9,39.0,14.03,1
IK-2024-0014,2024-01-17,Nyeri,Tanzania,AA,3940,Kampala,Rainforest Alliance,Gulf Buyer,90.5,33,0,0,369.29,134.25,181.73,14.85,25.87,1.97,0,224.42,302.04,77.62,25.7,1
IK-2024-0015,2024-01-16,Meru,Kenya,B,4266,Dar es Salaam,Fair Trade,European Roaster A,78.3,104,0,0,350.48,128.44,99.3,46.8,32.42,3.4,7,188.92,150.66,-38.26,-25.39,0
IK-2024-0016,2024-02-17,Nyeri,Tanzania,AA,2826,Dar es Salaam,Fair Trade,Asian Buyer,83.1,15,0,1,356.59,134.18,208.75,6.75,33.97,1.03,0,250.5,325.66,75.16,23.08,1
IK-2024-0017,2024-04-21,Nandi,Kenya,A,3414,Mombasa,Rainforest Alliance,European Roaster B,79.5,75,1,1,262.16,131.14,154.81,33.75,15.39,3.82,5,212.77,245.23,32.46,13.24,1
IK-2024-0018,2024-04-29,Embu,Kenya,AA,4452,Mombasa,Rainforest Alliance,Asian Buyer,89.4,93,1,0,375.54,131.57,226.28,41.85,34.91,6.92,20,329.96,317.7,-12.26,-3.86,0
IK-2024-0019,2024-09-15,Nyeri,Uganda,A,1095,Dar es Salaam,None,US Specialty,79.5,101,0,0,347.2,132.39,156.38,45.45,20.34,5.19,12,239.36,236.76,-2.6,-1.1,0
IK-2024-0020,2024-11-04,Murang'a,Kenya,Standard,1228,Kampala,Rainforest Alliance,Gulf Buyer,71.4,84,1,1,296.57,134.48,68.7,37.8,43.83,1.9,1,153.23,98.61,-54.62,-55.39,0
IK-2024-0021,2024-01-14,Kirinyaga,Tanzania,A,1865,Kampala,Fair Trade,US Specialty,83.4,13,0,1,359.53,128.13,191.98,5.85,19.46,0.82,0,218.11,248.86,30.75,12.36,1
IK-2024-0022,2024-10-14,Nandi,Kenya,AA,4992,Mombasa,Rainforest Alliance,US Specialty,84.6,88,1,0,293.78,131.34,215.48,39.6,27.44,6.23,8,296.75,318.63,21.88,6.87,1
IK-2024-0023,2024-04-11,Nyeri,Uganda,A,1198,Mombasa,Rainforest Alliance,European Roaster B,82.3,15,1,0,364.73,132.81,171.01,6.75,17.56,0.84,0,196.16,252.31,56.15,22.25,1
IK-2024-0024,2024-11-28,Nandi,Kenya,B,895,Nairobi,Rainforest Alliance,European Roaster A,72.7,127,1,0,273.51,133.06,102.9,57.15,44.91,4.3,12,221.26,160.61,-60.65,-37.76,0
IK-2024-0025,2024-12-25,Nyeri,Kenya,AA,4671,Mombasa,None,European Roaster A,85.5,122,0,0,344.44,132.85,209.11,54.9,30.07,8.39,40,342.47,286.0,-56.47,-19.74,0
IK-2024-0026,2024-10-06,Nyeri,Tanzania,AA,4860,Kampala,Rainforest Alliance,European Roaster B,87.8,103,1,0,324.88,128.94,222.22,46.35,32.86,7.53,20,328.96,307.54,-21.42,-6.96,0
IK-2024-0027,2024-08-02,Kirinyaga,Uganda,B,3002,Mombasa,Organic,Gulf Buyer,72.0,129,0,0,271.58,130.1,106.19,58.05,17.01,4.5,12,197.75,173.73,-24.02,-13.83,0
IK-2024-0028,2024-04-22,Kirinyaga,Kenya,A,2319,Nairobi,Organic,Asian Buyer,83.1,111,1,0,289.03,130.51,175.64,49.95,37.5,6.41,25,294.5,224.73,-69.77,-31.05,0
IK-2024-0029,2024-08-17,Nyeri,Kenya,Standard,1217,Dar es Salaam,Organic,Gulf Buyer,72.0,60,0,1,261.49,133.63,75.19,27.0,21.3,1.48,1,125.97,101.49,-24.48,-24.12,0
IK-2024-0030,2024-10-28,Embu,Tanzania,A,3282,Dar es Salaam,Fair Trade,Asian Buyer,83.4,71,1,0,316.25,129.95,165.62,31.95,41.94,3.87,5,248.38,237.2,-11.18,-4.71,0
IK-2024-0031,2024-05-22,Kirinyaga,Kenya,A,4077,Kampala,Fair Trade,European Roaster A,82.6,66,1,0,296.15,129.47,160.97,29.7,21.15,3.49,5,220.31,253.1,32.79,12.96,1
IK-2024-0032,2024-01-04,Kirinyaga,Kenya,AA,643,Nairobi,Rainforest Alliance,US Specialty,90.4,75,0,0,331.8,134.7,257.05,33.75,20.72,6.34,8,325.86,289.75,-36.11,-12.46,0
IK-2024-0033,2024-03-22,Kirinyaga,Kenya,AA,3640,Dar es Salaam,Organic,US Specialty,87.3,88,1,0,295.67,128.06,219.73,39.6,16.1,6.36,8,289.79,307.53,17.74,5.77,1
IK-2024-0034,2024-12-23,Meru,Uganda,B,4991,Dar es Salaam,None,Gulf Buyer,74.9,84,0,0,295.99,134.98,107.31,37.8,29.16,2.96,3,180.23,156.1,-24.13,-15.46,0
IK-2024-0035,2024-08-04,Nandi,Kenya,A,3438,Mombasa,Organic,European Roaster B,82.3,17,0,0,349.18,132.74,182.34,7.65,31.95,1.02,0,222.96,240.43,17.47,7.27,1
IK-2024-0036,2024-06-23,Nyeri,Tanzania,A,4136,Dar es Salaam,Organic,Asian Buyer,83.4,35,0,0,265.78,133.8,151.69,15.75,16.97,1.75,0,186.16,259.18,73.02,28.17,1
IK-2024-0037,2024-05-22,Embu,Uganda,A,3722,Kampala,Fair Trade,US Specialty,82.1,60,1,0,368.35,130.06,173.13,27.0,38.27,3.42,5,246.82,237.87,-8.95,-3.76,0
IK-2024-0038,2024-03-20,Kirinyaga,Kenya,B,1667,Dar es Salaam,Fair Trade,Gulf Buyer,76.1,54,1,0,362.27,128.1,96.48,24.3,28.6,1.71,0,151.09,165.7,14.61,8.82,1
IK-2024-0039,2024-04-20,Meru,Kenya,A,3116,Kampala,None,European Roaster B,80.2,53,1,0,340.14,133.17,150.08,23.85,30.73,2.62,0,207.28,219.6,12.32,5.61,1
IK-2024-0040,2024-06-21,Nandi,Uganda,A,1562,Kampala,Fair Trade,European Roaster A,80.3,14,0,1,331.19,133.84,172.95,6.3,28.22,0.8,0,208.27,251.19,42.92,17.09,1
IK-2024-0041,2024-02-22,Murang'a,Kenya,AA,2656,Mombasa,None,European Roaster B,83.5,79,0,0,367.08,133.18,234.77,35.55,27.02,6.1,8,311.44,311.68,0.24,0.08,0
IK-2024-0042,2024-02-17,Murang'a,Kenya,B,3482,Nairobi,Fair Trade,European Roaster A,80.4,35,0,1,282.24,129.0,122.06,15.75,31.79,1.4,0,171.0,197.45,26.45,13.4,1
IK-2024-0043,2024-07-13,Kirinyaga,Tanzania,A,3794,Kampala,Organic,Gulf Buyer,78.9,127,0,0,269.48,133.27,168.27,57.15,19.66,7.03,25,277.11,210.38,-66.73,-31.72,0
IK-2024-0044,2024-02-19,Embu,Uganda,Standard,1656,Dar es Salaam,Organic,European Roaster B,70.3,77,0,0,288.74,133.38,77.59,34.65,20.46,1.96,1,135.66,107.29,-28.37,-26.44,0
IK-2024-0045,2024-07-02,Embu,Tanzania,Standard,1232,Dar es Salaam,None,Gulf Buyer,70.2,28,0,0,355.35,132.61,68.17,12.6,40.85,0.63,0,122.25,108.74,-13.51,-12.42,0
IK-2024-0046,2024-06-25,Nandi,Kenya,AA,4830,Kampala,None,European Roaster A,89.2,93,0,0,264.16,133.36,205.6,41.85,43.38,6.29,20,317.12,313.66,-3.46,-1.1,0
IK-2024-0047,2024-11-05,Nandi,Tanzania,B,1453,Dar es Salaam,Fair Trade,US Specialty,75.3,106,1,1,329.94,133.92,114.47,47.7,26.2,3.99,7,199.36,156.57,-42.79,-27.33,0
IK-2024-0048,2024-05-15,Nyeri,Kenya,A,3039,Mombasa,Fair Trade,US Specialty,85.1,29,1,1,379.45,132.3,185.86,13.05,23.12,1.77,0,223.8,244.19,20.39,8.35,1
IK-2024-0049,2024-01-23,Kirinyaga,Uganda,AA,3824,Dar es Salaam,None,European Roaster A,85.3,122,0,1,362.68,128.62,226.87,54.9,34.32,9.1,40,365.19,279.12,-86.07,-30.84,0
IK-2024-0050,2024-08-23,Murang'a,Uganda,A,3801,Mombasa,None,Asian Buyer,82.7,21,0,0,322.57,131.41,143.55,9.45,27.26,0.99,0,181.25,242.8,61.55,25.35,1
IK-2024-0051,2024-10-01,Nyeri,Uganda,A,2042,Kampala,Organic,Asian Buyer,79.9,56,1,0,267.64,128.54,174.86,25.2,15.76,3.22,0,219.04,233.3,14.26,6.11,1
IK-2024-0052,2024-03-04,Embu,Tanzania,AA,1691,Kampala,Organic,US Specialty,92.4,10,1,0,359.76,130.85,212.3,4.5,19.68,0.7,0,237.18,312.91,75.73,24.2,1
IK-2024-0053,2024-07-12,Nyeri,Tanzania,A,3493,Kampala,None,US Specialty,79.0,99,0,0,331.88,130.85,159.85,44.55,36.48,5.2,12,258.08,244.1,-13.98,-5.73,0
IK-2024-0054,2024-02-10,Murang'a,Kenya,AA,3181,Mombasa,Organic,European Roaster B,87.8,23,0,0,273.79,128.46,232.23,10.35,34.77,1.76,0,279.11,294.6,15.49,5.26,1
IK-2024-0055,2024-10-09,Embu,Uganda,A,1717,Dar es Salaam,Rainforest Alliance,European Roaster B,83.6,73,1,0,271.26,130.44,185.46,32.85,15.81,4.45,5,243.57,236.99,-6.58,-2.78,0
IK-2024-0056,2024-05-30,Nandi,Tanzania,A,2040,Mombasa,Fair Trade,US Specialty,83.0,47,1,0,369.16,128.78,183.97,21.15,21.66,2.84,0,229.62,229.5,-0.12,-0.05,0
IK-2024-0057,2024-11-17,Meru,Kenya,A,3736,Dar es Salaam,Organic,Asian Buyer,81.5,46,1,0,340.3,133.66,157.41,20.7,21.93,2.38,0,202.42,257.93,55.51,21.52,1
IK-2024-0058,2024-11-12,Meru,Tanzania,A,2886,Dar es Salaam,Rainforest Alliance,European Roaster B,81.7,20,1,1,359.51,134.63,165.36,9.0,35.16,1.09,0,210.61,217.15,6.54,3.01,0
IK-2024-0059,2024-07-04,Nandi,Kenya,A,4219,Mombasa,None,European Roaster A,82.1,109,0,1,365.48,128.51,174.97,49.05,15.59,6.27,12,257.88,219.62,-38.26,-17.42,0
IK-2024-0060,2024-10-22,Kirinyaga,Tanzania,Standard,1888,Nairobi,Organic,European Roaster B,71.6,86,1,1,328.61,134.69,87.8,38.7,18.12,2.48,1,148.1,109.66,-38.44,-35.05,0
IK-2024-0061,2024-04-08,Nyeri,Tanzania,B,2356,Kampala,None,European Roaster B,78.4,116,1,0,322.09,131.66,114.25,52.2,39.0,4.36,12,221.81,176.48,-45.33,-25.69,0
IK-2024-0062,2024-12-26,Embu,Tanzania,A,1865,Dar es Salaam,Fair Trade,European Roaster B,87.5,12,0,0,311.65,130.1,167.22,5.4,20.36,0.66,0,193.64,239.01,45.37,18.98,1
IK-2024-0063,2024-02-05,Nandi,Uganda,B,999,Dar es Salaam,None,Gulf Buyer,74.6,42,0,0,298.03,128.54,106.72,18.9,34.58,1.47,0,161.67,156.67,-5.0,-3.19,0
IK-2024-0064,2024-01-24,Nandi,Uganda,A,2180,Mombasa,Rainforest Alliance,European Roaster A,78.6,15,0,1,312.15,131.5,152.06,6.75,22.15,0.75,0,181.71,268.22,86.51,32.25,1
IK-2024-0065,2024-12-04,Kirinyaga,Tanzania,Standard,1010,Nairobi,None,US Specialty,71.8,59,0,0,352.87,133.56,86.5,26.55,17.98,1.68,0,132.71,83.28,-49.43,-59.35,0
IK-2024-0066,2024-04-26,Nyeri,Kenya,AA,4812,Kampala,Rainforest Alliance,Asian Buyer,93.4,129,1,0,332.23,132.95,247.12,58.05,22.3,10.48,40,377.95,237.02,-140.93,-59.46,0
IK-2024-0067,2024-05-28,Nandi,Kenya,B,1824,Nairobi,Organic,Asian Buyer,74.0,19,1,1,367.1,128.35,119.14,8.55,36.67,0.74,0,165.1,171.6,6.5,3.79,0
IK-2024-0068,2024-02-10,Murang'a,Uganda,A,1655,Kampala,Organic,US Specialty,86.1,14,0,0,313.21,128.51,185.05,6.3,40.67,0.85,0,232.87,232.47,-0.4,-0.17,0
IK-2024-0069,2024-04-29,Nandi,Uganda,B,2327,Dar es Salaam,Rainforest Alliance,Gulf Buyer,80.2,32,1,0,332.85,130.82,124.34,14.4,39.91,1.31,0,179.96,149.68,-30.28,-20.23,0
IK-2024-0070,2024-02-21,Embu,Uganda,B,3641,Dar es Salaam,Fair Trade,Asian Buyer,74.6,19,0,0,335.76,130.07,112.26,8.55,26.92,0.7,0,148.43,175.63,27.2,15.49,1
IK-2024-0071,2024-07-13,Nyeri,Tanzania,AA,3986,Mombasa,Fair Trade,European Roaster B,88.4,53,0,0,331.0,129.63,227.23,23.85,35.04,3.96,0,290.08,313.66,23.58,7.52,1
IK-2024-0072,2024-05-22,Embu,Kenya,A,2310,Mombasa,Fair Trade,Asian Buyer,86.1,11,1,0,344.32,129.97,193.07,4.95,21.15,0.7,0,219.87,231.54,11.67,5.04,1
IK-2024-0073,2024-08-20,Nyeri,Uganda,A,3423,Nairobi,Organic,European Roaster A,81.1,22,0,0,288.49,133.62,169.46,9.9,23.79,1.23,0,204.38,220.8,16.42,7.44,1
IK-2024-0074,2024-11-21,Murang'a,Tanzania,A,2714,Nairobi,Organic,European Roaster A,81.5,49,1,0,321.48,134.5,193.47,22.05,41.89,3.12,0,260.53,253.09,-7.44,-2.94,0
IK-2024-0075,2024-07-05,Embu,Uganda,B,4686,Kampala,Fair Trade,US Specialty,74.5,11,0,0,272.51,130.84,88.56,4.95,15.39,0.32,0,109.22,174.75,65.53,37.5,1
IK-2024-0076,2024-03-24,Meru,Kenya,B,1213,Mombasa,None,Gulf Buyer,73.5,93,1,1,306.14,134.34,129.86,41.85,17.57,3.97,7,200.25,156.51,-43.74,-27.95,0
IK-2024-0077,2024-07-08,Nandi,Kenya,A,4102,Dar es Salaam,Fair Trade,Gulf Buyer,80.4,74,0,0,318.52,130.25,171.31,33.3,21.24,4.17,5,235.02,262.7,27.68,10.54,1
IK-2024-0078,2024-06-30,Murang'a,Uganda,A,4634,Mombasa,None,Asian Buyer,78.9,72,0,0,338.27,131.34,165.51,32.4,15.8,3.92,5,222.63,218.95,-3.68,-1.68,0
IK-2024-0079,2024-04-17,Nyeri,Tanzania,Standard,4022,Nairobi,Fair Trade,Gulf Buyer,72.1,110,1,0,374.06,129.58,80.73,49.5,20.44,2.92,5,158.59,77.12,-81.47,-105.64,0
IK-2024-0080,2024-12-09,Embu,Kenya,AA,4768,Mombasa,None,Gulf Buyer,85.1,82,0,1,332.08,132.48,180.25,36.9,32.49,4.86,8,262.5,291.62,29.12,9.99,1
IK-2024-0081,2024-05-16,Nandi,Kenya,B,1743,Dar es Salaam,Organic,Asian Buyer,76.6,26,1,0,349.23,134.85,117.36,11.7,27.64,1.0,0,157.7,164.32,6.62,4.03,0
IK-2024-0082,2024-12-25,Murang'a,Kenya,B,4209,Mombasa,Fair Trade,European Roaster A,72.1,18,0,0,320.75,132.22,124.29,8.1,41.78,0.74,0,174.91,168.65,-6.26,-3.71,0
IK-2024-0083,2024-12-15,Nyeri,Uganda,AA,1581,Nairobi,Fair Trade,European Roaster B,87.8,84,0,1,336.09,130.5,249.56,37.8,39.52,6.89,8,341.77,298.38,-43.39,-14.54,0
IK-2024-0084,2024-11-27,Meru,Tanzania,A,955,Dar es Salaam,Rainforest Alliance,US Specialty,84.1,24,1,1,268.51,132.53,162.23,10.8,25.25,1.28,0,199.56,245.28,45.72,18.64,1
IK-2024-0085,2024-02-06,Meru,Tanzania,AA,1394,Kampala,Fair Trade,European Roaster A,82.0,33,0,0,290.53,128.86,203.83,14.85,22.78,2.21,0,243.67,291.23,47.56,16.33,1
IK-2024-0086,2024-11-07,Nyeri,Tanzania,Standard,1884,Kampala,None,Gulf Buyer,72.9,47,1,1,303.42,134.22,75.99,21.15,26.39,1.17,0,124.7,126.66,1.96,1.55,0
IK-2024-0087,2024-11-21,Meru,Tanzania,AA,2458,Dar es Salaam,Rainforest Alliance,Gulf Buyer,90.1,128,1,0,316.7,131.52,238.31,57.6,32.71,10.03,40,378.65,268.77,-109.88,-40.88,0
IK-2024-0088,2024-03-28,Murang'a,Tanzania,A,3572,Dar es Salaam,Fair Trade,Asian Buyer,79.0,44,1,0,265.48,131.15,174.93,19.8,23.04,2.53,0,220.3,256.76,36.46,14.2,1
IK-2024-0089,2024-09-30,Nandi,Uganda,B,2496,Dar es Salaam,Fair Trade,US Specialty,80.2,103,0,0,276.8,132.1,113.64,46.35,33.72,3.85,7,204.56,163.14,-41.42,-25.39,0
IK-2024-0090,2024-05-05,Meru,Uganda,A,4785,Nairobi,Organic,European Roaster B,83.0,104,1,0,293.22,132.37,177.7,46.8,27.28,6.08,12,269.86,234.85,-35.01,-14.91,0
IK-2024-0091,2024-03-24,Nandi,Tanzania,AA,1004,Dar es Salaam,Rainforest Alliance,Asian Buyer,85.2,58,1,1,376.58,128.5,221.94,26.1,31.56,4.23,0,283.83,318.55,34.72,10.9,1
IK-2024-0092,2024-08-24,Kirinyaga,Tanzania,Standard,1714,Nairobi,None,Asian Buyer,71.9,78,0,0,299.76,132.78,87.75,35.1,28.08,2.25,1,154.18,110.72,-43.46,-39.25,0
IK-2024-0093,2024-07-13,Meru,Uganda,B,2031,Dar es Salaam,Fair Trade,European Roaster B,77.4,71,0,0,317.84,129.69,111.58,31.95,23.83,2.6,3,172.96,171.64,-1.32,-0.77,0
IK-2024-0094,2024-05-18,Kirinyaga,Uganda,AA,3940,Nairobi,Organic,European Roaster B,87.2,69,1,1,283.53,133.0,213.45,31.05,43.45,4.84,8,300.79,321.94,21.15,6.57,1
IK-2024-0095,2024-11-23,Nandi,Tanzania,AA,1323,Nairobi,Fair Trade,Gulf Buyer,88.3,117,1,1,333.29,133.76,212.16,52.65,37.91,8.16,40,350.88,272.95,-77.93,-28.55,0
IK-2024-0096,2024-12-18,Embu,Tanzania,A,1428,Mombasa,Rainforest Alliance,Asian Buyer,79.7,59,0,0,293.68,133.63,148.05,26.55,19.2,2.87,0,196.67,250.64,53.97,21.53,1
IK-2024-0097,2024-10-12,Nandi,Uganda,A,633,Kampala,None,European Roaster A,82.4,87,1,0,284.84,131.87,174.44,39.15,41.05,4.99,5,264.63,233.65,-30.98,-13.26,0
IK-2024-0098,2024-04-22,Murang'a,Kenya,A,2605,Dar es Salaam,Organic,European Roaster A,78.5,126,1,0,321.99,131.64,173.92,56.7,29.62,7.2,25,292.44,236.6,-55.84,-23.6,0
IK-2024-0099,2024-12-16,Embu,Tanzania,AA,4127,Kampala,Fair Trade,Asian Buyer,86.7,129,0,1,260.66,129.0,220.1,58.05,41.84,9.33,40,369.32,259.85,-109.47,-42.13,0
IK-2024-0100,2024-06-15,Embu,Kenya,A,2352,Kampala,None,European Roaster B,79.7,84,0,0,260.92,133.43,166.48,37.8,39.0,4.6,5,252.88,262.01,9.13,3.48,0
IK-2024-0101,2024-01-29,Meru,Tanzania,Standard,4675,Mombasa,Fair Trade,US Specialty,70.2,18,0,1,286.29,129.9,68.68,8.1,27.76,0.41,0,104.95,104.4,-0.55,-0.53,0
IK-2024-0102,2024-04-27,Meru,Tanzania,Standard,3433,Kampala,Fair Trade,European Roaster B,75.1,43,1,0,264.41,131.48,76.63,19.35,15.67,1.08,0,112.73,83.54,-29.19,-34.94,0
IK-2024-0103,2024-01-17,Meru,Tanzania,AA,3784,Kampala,Rainforest Alliance,European Roaster B,89.7,85,0,0,272.96,129.99,213.15,38.25,23.06,5.96,8,288.42,303.92,15.5,5.1,1
IK-2024-0104,2024-06-10,Nandi,Tanzania,A,4798,Dar es Salaam,Rainforest Alliance,US Specialty,83.5,108,0,0,300.66,128.94,157.97,48.6,31.25,5.61,12,255.43,217.78,-37.65,-17.29,0
IK-2024-0105,2024-07-24,Embu,Kenya,B,3311,Nairobi,Fair Trade,European Roaster B,73.3,44,0,0,356.31,132.41,118.06,19.8,34.0,1.71,0,173.57,177.61,4.04,2.27,0
IK-2024-0106,2024-05-17,Murang'a,Uganda,B,1750,Dar es Salaam,Organic,US Specialty,75.2,10,1,0,328.65,128.38,124.85,4.5,22.74,0.41,0,152.5,155.21,2.71,1.75,0
IK-2024-0107,2024-02-03,Murang'a,Uganda,A,4012,Dar es Salaam,Rainforest Alliance,Asian Buyer,85.0,49,0,1,321.52,133.24,198.29,22.05,19.18,3.19,0,242.71,233.31,-9.4,-4.03,0
IK-2024-0108,2024-04-18,Kirinyaga,Kenya,A,1756,Kampala,Rainforest Alliance,US Specialty,82.4,73,1,0,295.22,130.22,172.62,32.85,40.05,4.14,5,254.66,206.66,-48.0,-23.23,0
IK-2024-0109,2024-10-17,Nyeri,Uganda,B,3876,Kampala,Rainforest Alliance,European Roaster A,81.8,31,1,0,371.81,128.0,123.09,13.95,44.53,1.25,0,182.82,158.22,-24.6,-15.55,0
IK-2024-0110,2024-06-10,Murang'a,Uganda,Standard,3986,Dar es Salaam,Rainforest Alliance,US Specialty,73.0,69,0,1,307.64,131.58,79.4,31.05,30.77,1.8,1,144.02,67.64,-76.38,-112.92,0
IK-2024-0111,2024-04-18,Meru,Uganda,B,4084,Dar es Salaam,None,European Roaster B,76.5,73,1,0,270.45,128.33,96.97,32.85,20.15,2.33,3,155.3,138.24,-17.06,-12.34,0
IK-2024-0112,2024-12-01,Kirinyaga,Uganda,Standard,1896,Kampala,Fair Trade,Asian Buyer,71.2,102,0,1,334.05,129.93,79.79,45.9,23.17,2.68,3,154.54,113.41,-41.13,-36.27,0
IK-2024-0113,2024-09-12,Meru,Uganda,A,4137,Nairobi,None,US Specialty,82.3,81,0,0,273.66,132.95,170.9,36.45,15.55,4.55,5,232.45,246.79,14.34,5.81,1
IK-2024-0114,2024-07-21,Embu,Tanzania,AA,3830,Nairobi,None,European Roaster B,86.6,20,0,0,301.43,128.44,269.26,9.0,42.43,1.77,0,322.46,316.38,-6.08,-1.92,0
IK-2024-0115,2024-11-25,Embu,Kenya,B,3203,Dar es Salaam,Fair Trade,US Specialty,77.8,114,1,0,320.89,133.88,117.69,51.3,18.53,4.41,12,203.93,138.5,-65.43,-47.24,0
IK-2024-0116,2024-08-22,Nandi,Uganda,AA,970,Nairobi,Rainforest Alliance,Asian Buyer,89.4,110,0,0,364.91,128.03,226.03,49.5,32.3,8.17,40,356.0,269.28,-86.72,-32.2,0
IK-2024-0117,2024-03-14,Meru,Uganda,A,1853,Dar es Salaam,Organic,Asian Buyer,80.0,23,1,1,319.23,129.73,169.48,10.35,23.22,1.28,0,204.33,239.95,35.62,14.84,1
IK-2024-0118,2024-05-15,Murang'a,Uganda,AA,3283,Mombasa,Rainforest Alliance,European Roaster A,83.7,69,1,0,344.27,133.19,196.63,31.05,31.63,4.46,8,271.77,284.62,12.85,4.51,0
IK-2024-0119,2024-03-12,Nyeri,Tanzania,Standard,3331,Kampala,Rainforest Alliance,Asian Buyer,68.0,39,1,0,379.14,130.21,89.14,17.55,34.54,1.14,0,142.37,127.55,-14.82,-11.62,0
IK-2024-0120,2024-05-06,Meru,Uganda,B,857,Dar es Salaam,Rainforest Alliance,European Roaster B,77.3,44,1,0,275.78,128.71,129.02,19.8,39.89,1.87,0,190.58,178.16,-12.42,-6.97,0
IK-2024-0121,2024-10-14,Murang'a,Uganda,A,3519,Dar es Salaam,Rainforest Alliance,Asian Buyer,79.2,94,1,0,292.97,130.52,181.87,42.3,21.19,5.62,12,262.98,224.69,-38.29,-17.04,0
IK-2024-0122,2024-10-02,Kirinyaga,Kenya,B,1167,Dar es Salaam,Organic,Asian Buyer,70.6,46,1,1,307.35,129.89,109.09,20.7,15.33,1.65,0,146.77,165.4,18.63,11.26,1
IK-2024-0123,2024-05-14,Meru,Tanzania,B,4968,Nairobi,None,European Roaster B,77.0,14,1,0,310.62,133.9,136.83,6.3,19.11,0.63,0,162.87,168.13,5.26,3.13,0
IK-2024-0124,2024-10-26,Kirinyaga,Uganda,A,1645,Dar es Salaam,Organic,European Roaster B,88.2,92,1,0,309.32,130.19,148.97,41.4,42.0,4.51,12,248.88,197.37,-51.51,-26.1,0
IK-2024-0125,2024-08-07,Murang'a,Kenya,AA,4685,Mombasa,Fair Trade,Asian Buyer,87.0,87,0,1,368.91,133.52,231.74,39.15,41.22,6.63,8,326.74,298.29,-28.45,-9.54,0
IK-2024-0126,2024-10-25,Murang'a,Kenya,B,4219,Nairobi,Rainforest Alliance,Asian Buyer,78.1,35,1,0,345.68,134.24,146.29,15.75,32.92,1.68,0,196.64,154.77,-41.87,-27.05,0
IK-2024-0127,2024-07-23,Murang'a,Kenya,A,3245,Kampala,Organic,US Specialty,82.2,71,0,1,332.95,131.04,155.14,31.95,33.02,3.62,5,228.73,219.98,-8.75,-3.98,0
IK-2024-0128,2024-07-04,Murang'a,Kenya,AA,1039,Mombasa,Fair Trade,Asian Buyer,86.8,13,0,0,297.12,134.37,208.67,5.85,34.95,0.89,0,250.36,305.78,55.42,18.12,1
IK-2024-0129,2024-04-22,Embu,Uganda,A,3279,Dar es Salaam,Organic,European Roaster A,84.3,98,1,0,358.85,130.64,171.49,44.1,20.26,5.53,12,253.38,254.97,1.59,0.62,0
IK-2024-0130,2024-03-11,Nandi,Kenya,AA,4636,Mombasa,Rainforest Alliance,European Roaster A,86.3,118,1,0,374.61,134.75,209.93,53.1,42.43,8.14,40,353.6,279.61,-73.99,-26.46,0
IK-2024-0131,2024-09-17,Murang'a,Tanzania,Standard,4275,Dar es Salaam,Rainforest Alliance,European Roaster A,72.7,51,0,1,358.54,128.63,67.59,22.95,27.56,1.13,0,119.23,96.43,-22.8,-23.64,0
IK-2024-0132,2024-09-09,Embu,Tanzania,A,3008,Mombasa,Fair Trade,European Roaster A,82.8,98,0,1,260.19,132.81,171.03,44.1,26.49,5.51,12,259.13,236.59,-22.54,-9.53,0
IK-2024-0133,2024-02-16,Nyeri,Uganda,B,3279,Nairobi,Organic,Asian Buyer,74.3,27,0,0,336.37,131.46,107.25,12.15,30.57,0.95,0,150.92,185.99,35.07,18.86,1
IK-2024-0134,2024-01-25,Embu,Kenya,B,1424,Dar es Salaam,Rainforest Alliance,US Specialty,78.5,49,0,0,266.14,130.71,125.68,22.05,16.41,2.02,0,166.16,178.87,12.71,7.11,1
IK-2024-0135,2024-02-26,Kirinyaga,Tanzania,A,3456,Nairobi,Fair Trade,European Roaster B,81.6,81,0,0,290.91,132.43,156.21,36.45,19.99,4.16,5,221.81,235.89,14.08,5.97,1
IK-2024-0136,2024-03-19,Nyeri,Kenya,B,2081,Mombasa,Organic,Asian Buyer,74.1,48,1,0,267.14,132.93,138.6,21.6,37.14,2.19,0,199.53,155.3,-44.23,-28.48,0
IK-2024-0137,2024-11-17,Kirinyaga,Tanzania,A,3824,Dar es Salaam,Organic,Gulf Buyer,83.3,113,1,0,332.46,128.03,158.25,50.85,17.48,5.88,25,257.46,225.47,-31.99,-14.19,0
IK-2024-0138,2024-03-22,Nandi,Tanzania,A,4985,Kampala,Fair Trade,Asian Buyer,79.8,23,1,1,342.39,129.17,165.17,10.35,33.09,1.25,0,209.86,245.9,36.04,14.66,1
IK-2024-0139,2024-12-14,Meru,Tanzania,AA,755,Kampala,Organic,European Roaster A,87.1,41,0,0,273.74,132.99,236.27,18.45,22.36,3.18,0,280.26,323.43,43.17,13.35,1
IK-2024-0140,2024-08-04,Meru,Uganda,B,2338,Dar es Salaam,Organic,Gulf Buyer,76.0,60,0,0,306.06,132.66,105.23,27.0,26.68,2.08,3,163.99,171.53,7.54,4.4,0
IK-2024-0141,2024-11-01,Embu,Tanzania,A,2444,Mombasa,Rainforest Alliance,Asian Buyer,84.7,47,1,0,314.75,134.76,173.41,21.15,23.66,2.68,0,220.9,255.74,34.84,13.62,1
IK-2024-0142,2024-02-02,Kirinyaga,Kenya,A,509,Kampala,Rainforest Alliance,US Specialty,83.2,106,0,0,304.29,133.33,189.61,47.7,25.67,6.61,12,281.59,219.97,-61.62,-28.01,0
IK-2024-0143,2024-07-16,Nandi,Uganda,B,3371,Dar es Salaam,Rainforest Alliance,US Specialty,75.9,32,0,0,274.52,134.66,100.71,14.4,36.57,1.06,0,152.74,184.76,32.02,17.33,1
IK-2024-0144,2024-07-14,Meru,Uganda,B,1297,Kampala,Fair Trade,Gulf Buyer,78.0,72,0,0,310.27,132.92,122.22,32.4,23.91,2.89,3,184.42,164.96,-19.46,-11.8,0
IK-2024-0145,2024-11-01,Nandi,Tanzania,A,1515,Dar es Salaam,None,European Roaster B,85.5,24,1,1,350.14,130.09,173.9,10.8,31.99,1.37,0,218.06,271.13,53.07,19.57,1
IK-2024-0146,2024-08-27,Nandi,Uganda,AA,2324,Mombasa,Organic,Gulf Buyer,88.4,106,0,0,268.52,128.74,235.64,47.7,29.28,8.21,20,340.83,279.66,-61.17,-21.87,0
IK-2024-0147,2024-09-27,Meru,Tanzania,B,4969,Mombasa,Fair Trade,US Specialty,76.0,34,0,0,269.62,133.47,105.16,15.3,34.91,1.18,0,156.55,191.04,34.49,18.05,1
IK-2024-0148,2024-05-08,Meru,Kenya,A,3636,Nairobi,None,Gulf Buyer,78.7,26,1,0,302.57,132.51,150.19,11.7,43.1,1.28,0,206.27,242.97,36.7,15.1,1
IK-2024-0149,2024-10-10,Nyeri,Uganda,A,2693,Kampala,None,European Roaster A,79.3,106,1,1,373.01,128.34,177.83,47.7,36.98,6.2,12,280.71,218.23,-62.48,-28.63,0
IK-2024-0150,2024-01-06,Nyeri,Tanzania,Standard,723,Nairobi,Fair Trade,European Roaster A,71.2,120,0,1,340.23,130.52,82.38,54.0,21.45,3.25,5,166.08,92.74,-73.34,-79.08,0
IK-2024-0151,2024-12-14,Murang'a,Uganda,AA,4658,Mombasa,None,European Roaster B,85.5,128,0,0,341.44,134.7,225.01,57.6,15.94,9.47,40,348.02,265.19,-82.83,-31.23,0
IK-2024-0152,2024-02-28,Kirinyaga,Uganda,A,4425,Dar es Salaam,Rainforest Alliance,Gulf Buyer,81.5,75,0,1,303.43,131.5,175.2,33.75,22.87,4.32,5,241.14,241.36,0.22,0.09,0
IK-2024-0153,2024-12-15,Meru,Kenya,A,4500,Mombasa,Fair Trade,Gulf Buyer,82.1,87,0,0,331.24,131.03,159.8,39.15,32.85,4.57,5,241.37,242.84,1.47,0.61,0
IK-2024-0154,2024-10-01,Nandi,Tanzania,B,2133,Mombasa,Organic,Gulf Buyer,77.3,62,1,0,261.22,131.2,122.79,27.9,16.54,2.5,3,172.73,153.39,-19.34,-12.61,0
IK-2024-0155,2024-05-16,Kirinyaga,Tanzania,A,2652,Dar es Salaam,Rainforest Alliance,Gulf Buyer,81.8,113,1,0,336.33,129.46,174.4,50.85,29.89,6.48,25,286.62,214.63,-71.99,-33.54,0
IK-2024-0156,2024-11-24,Murang'a,Kenya,Standard,1010,Nairobi,Organic,European Roaster B,73.2,113,1,0,369.59,130.58,74.29,50.85,32.91,2.76,5,165.81,132.13,-33.68,-25.49,0
IK-2024-0157,2024-06-23,Nandi,Kenya,AA,884,Kampala,None,US Specialty,87.2,60,0,0,333.51,130.59,257.32,27.0,25.03,5.08,8,322.43,327.91,5.48,1.67,0
IK-2024-0158,2024-02-27,Embu,Tanzania,B,904,Mombasa,Rainforest Alliance,Asian Buyer,71.1,48,0,1,364.84,128.37,125.69,21.6,38.13,1.98,0,187.4,171.54,-15.86,-9.25,0
IK-2024-0159,2024-05-30,Murang'a,Uganda,AA,2500,Mombasa,Organic,European Roaster B,84.7,60,1,1,346.88,133.37,196.17,27.0,18.2,3.87,8,253.24,302.57,49.33,16.3,1
IK-2024-0160,2024-08-10,Meru,Kenya,AA,3256,Kampala,Fair Trade,US Specialty,86.6,79,0,0,274.47,130.92,233.13,35.55,17.25,6.05,8,299.98,303.8,3.82,1.26,0
IK-2024-0161,2024-03-21,Embu,Kenya,A,2168,Mombasa,None,US Specialty,79.0,15,1,0,368.29,133.76,155.38,6.75,36.85,0.77,0,199.75,249.2,49.45,19.84,1
IK-2024-0162,2024-08-20,Embu,Uganda,A,1960,Kampala,Organic,US Specialty,83.5,76,0,0,267.97,133.95,181.81,34.2,29.86,4.54,5,255.41,219.66,-35.75,-16.28,0
IK-2024-0163,2024-01-02,Murang'a,Tanzania,B,4136,Kampala,None,Gulf Buyer,79.8,16,0,0,324.08,129.48,133.9,7.2,35.65,0.7,0,177.45,161.14,-16.31,-10.12,0
IK-2024-0164,2024-05-14,Meru,Uganda,B,3224,Kampala,Organic,European Roaster B,79.0,60,1,0,277.06,132.6,110.15,27.0,28.04,2.17,3,170.36,136.97,-33.39,-24.38,0
IK-2024-0165,2024-09-13,Nandi,Kenya,Standard,4678,Dar es Salaam,Fair Trade,US Specialty,71.5,81,0,0,261.4,131.31,87.71,36.45,22.39,2.34,1,149.89,109.99,-39.9,-36.28,0
IK-2024-0166,2024-04-01,Embu,Uganda,B,2548,Nairobi,Rainforest Alliance,Asian Buyer,79.7,51,1,0,310.64,134.16,124.95,22.95,39.57,2.1,0,189.57,174.71,-14.86,-8.51,0
IK-2024-0167,2024-09-16,Murang'a,Tanzania,AA,4646,Nairobi,Organic,Asian Buyer,87.4,73,0,1,295.4,129.51,236.44,32.85,38.98,5.67,8,321.94,294.75,-27.19,-9.22,0
IK-2024-0168,2024-02-24,Murang'a,Kenya,A,1216,Dar es Salaam,None,European Roaster A,81.2,125,0,0,318.32,132.74,198.45,56.25,35.84,8.16,25,323.7,238.61,-85.09,-35.66,0
IK-2024-0169,2024-11-16,Nandi,Uganda,Standard,2323,Nairobi,Fair Trade,US Specialty,70.5,24,1,0,329.26,132.25,78.04,10.8,23.16,0.62,0,112.62,86.61,-26.01,-30.03,0
IK-2024-0170,2024-06-01,Meru,Tanzania,Standard,2581,Nairobi,Rainforest Alliance,European Roaster B,71.2,120,0,1,265.25,130.07,73.97,54.0,32.71,2.92,5,168.6,78.03,-90.57,-116.07,0
IK-2024-0171,2024-11-23,Murang'a,Tanzania,B,3919,Nairobi,None,Gulf Buyer,75.0,38,1,0,274.76,128.96,109.33,17.1,25.83,1.37,0,153.63,168.37,14.74,8.75,1
IK-2024-0172,2024-09-16,Murang'a,Tanzania,B,2074,Mombasa,Fair Trade,European Roaster A,76.4,42,0,0,327.04,132.56,110.21,18.9,17.75,1.52,0,148.38,180.71,32.33,17.89,1
IK-2024-0173,2024-11-07,Murang'a,Tanzania,AA,749,Dar es Salaam,None,US Specialty,87.4,125,1,0,301.18,133.17,218.46,56.25,42.52,8.98,40,366.21,295.26,-70.95,-24.03,0
IK-2024-0174,2024-04-11,Kirinyaga,Tanzania,Standard,1173,Nairobi,Fair Trade,Gulf Buyer,72.0,103,1,0,347.5,130.21,82.73,46.35,19.1,2.8,3,153.98,95.12,-58.86,-61.88,0
IK-2024-0175,2024-03-19,Nyeri,Tanzania,A,2665,Dar es Salaam,Rainforest Alliance,European Roaster B,83.1,112,1,1,338.27,132.51,174.15,50.4,43.51,6.41,25,299.47,231.18,-68.29,-29.54,0
IK-2024-0176,2024-07-10,Nandi,Kenya,B,1270,Nairobi,Rainforest Alliance,European Roaster B,79.0,36,0,0,361.47,130.77,129.93,16.2,28.38,1.54,0,176.05,164.42,-11.63,-7.07,0
IK-2024-0177,2024-03-23,Kirinyaga,Tanzania,A,4462,Nairobi,None,European Roaster A,84.4,45,1,0,343.1,132.99,170.2,20.25,20.55,2.52,0,213.52,237.41,23.89,10.06,1
IK-2024-0178,2024-10-03,Murang'a,Tanzania,B,4863,Dar es Salaam,Fair Trade,European Roaster A,72.3,38,1,1,311.59,129.39,137.44,17.1,31.26,1.72,0,187.52,178.25,-9.27,-5.2,0
IK-2024-0179,2024-09-28,Nyeri,Tanzania,A,2484,Kampala,Organic,US Specialty,75.6,47,0,1,340.76,134.23,166.03,21.15,41.19,2.57,0,230.94,249.78,18.84,7.54,1
IK-2024-0180,2024-01-01,Nandi,Uganda,AA,1577,Dar es Salaam,Rainforest Alliance,Gulf Buyer,89.3,66,0,1,293.05,130.01,274.4,29.7,36.97,5.95,8,355.02,278.35,-76.67,-27.54,0
IK-2024-0181,2024-11-02,Embu,Kenya,B,735,Kampala,Organic,Asian Buyer,72.6,106,1,0,296.76,130.57,127.51,47.7,39.2,4.44,7,225.85,180.15,-45.7,-25.37,0
IK-2024-0182,2024-06-14,Nandi,Kenya,A,888,Mombasa,Organic,Gulf Buyer,81.4,110,0,0,354.68,128.41,157.14,49.5,34.76,5.68,25,272.08,235.7,-36.38,-15.43,0
IK-2024-0183,2024-09-07,Kirinyaga,Uganda,B,3537,Dar es Salaam,None,European Roaster B,73.1,36,0,1,313.57,128.78,107.15,16.2,35.77,1.27,0,160.39,155.62,-4.77,-3.07,0
IK-2024-0184,2024-01-10,Kirinyaga,Tanzania,AA,2348,Kampala,None,European Roaster B,82.5,64,0,1,355.81,131.61,229.65,28.8,40.48,4.83,8,311.76,307.94,-3.82,-1.24,0
IK-2024-0185,2024-02-27,Kirinyaga,Uganda,A,3314,Nairobi,None,US Specialty,83.4,42,0,0,358.69,129.87,166.65,18.9,22.49,2.3,0,210.34,247.41,37.07,14.98,1
IK-2024-0186,2024-07-04,Nandi,Uganda,A,3874,Mombasa,Fair Trade,Asian Buyer,83.9,77,0,0,362.91,133.85,180.71,34.65,29.68,4.57,5,254.61,238.91,-15.7,-6.57,0
IK-2024-0187,2024-06-06,Meru,Uganda,B,3778,Dar es Salaam,Rainforest Alliance,US Specialty,74.6,95,0,0,370.0,128.1,125.68,42.75,21.64,3.93,7,201.0,149.75,-51.25,-34.22,0
IK-2024-0188,2024-05-02,Murang'a,Kenya,A,1752,Kampala,Rainforest Alliance,European Roaster B,75.5,75,1,1,311.72,130.65,168.91,33.75,44.63,4.16,5,256.45,224.93,-31.52,-14.01,0
IK-2024-0189,2024-01-30,Nandi,Kenya,A,4481,Kampala,Organic,European Roaster B,80.6,19,0,0,298.26,130.36,157.3,8.55,43.32,0.98,0,210.15,239.62,29.47,12.3,1
IK-2024-0190,2024-05-03,Embu,Kenya,B,2622,Dar es Salaam,None,Gulf Buyer,77.0,14,1,0,329.86,128.14,101.82,6.3,16.18,0.47,0,124.77,182.59,57.82,31.67,1
IK-2024-0191,2024-10-17,Embu,Tanzania,B,2650,Kampala,Fair Trade,Asian Buyer,72.3,83,1,0,304.54,128.87,114.64,37.35,36.17,3.13,3,194.29,170.15,-24.14,-14.19,0
IK-2024-0192,2024-02-10,Embu,Tanzania,A,1829,Dar es Salaam,Rainforest Alliance,Gulf Buyer,82.5,106,0,0,332.13,130.9,182.85,47.7,42.76,6.37,12,291.68,222.44,-69.24,-31.13,0
IK-2024-0193,2024-02-13,Murang'a,Uganda,A,1858,Kampala,Fair Trade,Gulf Buyer,82.0,127,0,1,344.67,131.45,173.21,57.15,20.42,7.23,25,283.01,226.58,-56.43,-24.91,0
IK-2024-0194,2024-09-05,Nyeri,Kenya,B,2982,Nairobi,None,US Specialty,77.4,47,0,0,342.61,130.83,105.05,21.15,32.04,1.62,0,159.86,122.27,-37.59,-30.74,0
IK-2024-0195,2024-02-05,Kirinyaga,Kenya,A,2517,Dar es Salaam,None,Gulf Buyer,82.3,22,0,1,304.95,131.72,172.6,9.9,42.46,1.25,0,226.21,257.23,31.02,12.06,1
IK-2024-0196,2024-09-29,Murang'a,Tanzania,B,1831,Dar es Salaam,Rainforest Alliance,European Roaster A,73.6,40,0,1,280.02,132.17,124.62,18.0,16.02,1.64,0,160.28,138.9,-21.38,-15.39,0
IK-2024-0197,2024-03-05,Kirinyaga,Tanzania,Standard,4844,Mombasa,Organic,European Roaster A,75.0,56,1,0,311.66,128.07,72.93,25.2,35.92,1.34,0,135.39,99.56,-35.83,-35.99,0
IK-2024-0198,2024-03-06,Murang'a,Kenya,B,4761,Nairobi,Organic,Gulf Buyer,75.6,109,1,0,277.11,131.25,121.84,49.05,23.92,4.37,7,206.18,141.2,-64.98,-46.02,0
IK-2024-0199,2024-12-03,Kirinyaga,Kenya,B,1858,Dar es Salaam,None,Asian Buyer,75.9,118,0,0,366.81,134.74,120.7,53.1,42.73,4.68,12,233.21,133.58,-99.63,-74.58,0
IK-2024-0200,2024-08-31,Murang'a,Tanzania,A,3677,Kampala,None,Gulf Buyer,79.7,97,0,1,301.51,131.63,152.86,43.65,44.13,4.87,12,257.51,245.41,-12.1,-4.93,0
IK-2024-0201,2024-10-08,Nyeri,Tanzania,B,2628,Kampala,Organic,European Roaster B,74.9,61,1,0,278.54,132.74,124.29,27.45,43.33,2.49,3,200.56,154.98,-45.58,-29.41,0
IK-2024-0202,2024-03-25,Nandi,Kenya,B,2680,Kampala,None,European Roaster B,73.8,65,1,0,263.05,130.18,126.73,29.25,29.23,2.71,3,190.92,167.2,-23.72,-14.19,0
IK-2024-0203,2024-05-15,Embu,Uganda,AA,637,Mombasa,Rainforest Alliance,Asian Buyer,86.6,24,1,1,337.5,133.42,241.66,10.8,40.86,1.91,0,295.23,309.3,14.07,4.55,0
IK-2024-0204,2024-09-27,Kirinyaga,Uganda,Standard,3972,Dar es Salaam,Rainforest Alliance,US Specialty,76.3,38,0,0,336.43,133.41,88.43,17.1,40.34,1.1,0,146.97,112.16,-34.81,-31.04,0
IK-2024-0205,2024-11-06,Murang'a,Uganda,A,3332,Kampala,Fair Trade,European Roaster A,78.6,17,1,1,300.87,131.65,149.33,7.65,24.57,0.83,0,182.38,241.15,58.77,24.37,1
IK-2024-0206,2024-08-04,Nyeri,Uganda,A,4079,Mombasa,Organic,European Roaster A,78.0,14,0,0,268.61,134.83,155.93,6.3,39.87,0.72,0,202.82,220.76,17.94,8.13,1
IK-2024-0207,2024-04-18,Nyeri,Kenya,B,3531,Mombasa,None,US Specialty,79.7,38,1,0,309.16,128.88,126.18,17.1,16.11,1.58,0,160.97,179.94,18.97,10.54,1
IK-2024-0208,2024-10-03,Embu,Uganda,AA,4664,Dar es Salaam,Fair Trade,Gulf Buyer,86.5,56,1,0,297.35,128.12,230.28,25.2,32.89,4.24,0,292.61,302.59,9.98,3.3,0
IK-2024-0209,2024-12-19,Murang'a,Uganda,AA,3093,Kampala,Rainforest Alliance,Asian Buyer,85.3,77,0,1,341.25,133.39,230.3,34.65,21.9,5.83,8,300.68,278.65,-22.03,-7.91,0
IK-2024-0210,2024-04-12,Nandi,Tanzania,Standard,4800,Nairobi,Organic,Gulf Buyer,74.6,85,1,0,332.69,133.65,110.82,38.25,18.62,3.1,1,171.79,97.58,-74.21,-76.05,0
IK-2024-0211,2024-12-31,Kirinyaga,Uganda,B,4318,Kampala,Rainforest Alliance,US Specialty,74.5,54,0,1,303.75,128.84,126.85,24.3,17.31,2.25,0,170.71,187.51,16.8,8.96,1
IK-2024-0212,2024-06-08,Nandi,Tanzania,B,4638,Nairobi,None,Asian Buyer,80.6,11,0,1,286.15,129.86,133.63,4.95,35.89,0.48,0,174.95,177.75,2.8,1.58,0
IK-2024-0213,2024-07-23,Meru,Tanzania,A,4323,Nairobi,Fair Trade,European Roaster A,83.7,36,0,0,378.56,128.12,184.31,16.2,25.2,2.18,0,227.89,234.77,6.88,2.93,0
IK-2024-0214,2024-12-09,Nyeri,Kenya,B,4542,Kampala,None,European Roaster A,74.8,104,0,1,314.48,130.05,127.82,46.8,36.74,4.37,7,222.73,152.76,-69.97,-45.8,0
IK-2024-0215,2024-11-28,Nyeri,Kenya,A,2406,Nairobi,None,Gulf Buyer,87.4,124,1,0,342.59,133.41,165.27,55.8,16.96,6.74,25,269.77,210.18,-59.59,-28.35,0
IK-2024-0216,2024-07-10,Embu,Kenya,B,1260,Mombasa,Organic,European Roaster B,74.5,124,0,0,276.87,131.63,129.11,55.8,24.46,5.26,12,226.63,184.15,-42.48,-23.07,0
IK-2024-0217,2024-08-12,Murang'a,Kenya,A,3945,Mombasa,Organic,US Specialty,83.9,45,0,0,318.27,130.44,158.41,20.25,31.18,2.34,0,212.18,245.73,33.55,13.65,1
IK-2024-0218,2024-09-21,Meru,Tanzania,A,1399,Kampala,None,US Specialty,82.7,45,0,1,263.3,130.6,166.45,20.25,38.72,2.46,0,227.88,246.45,18.57,7.53,1
IK-2024-0219,2024-08-19,Meru,Kenya,AA,4955,Dar es Salaam,Organic,Gulf Buyer,90.3,35,0,0,320.65,128.01,210.29,15.75,24.56,2.42,0,253.02,325.45,72.43,22.26,1
IK-2024-0220,2024-03-02,Meru,Tanzania,B,3447,Mombasa,Fair Trade,US Specialty,79.9,52,1,0,375.68,130.1,120.98,23.4,33.78,2.07,0,180.23,168.58,-11.65,-6.91,0
IK-2024-0221,2024-05-06,Murang'a,Kenya,B,2219,Kampala,Fair Trade,European Roaster A,76.1,36,1,0,306.1,132.53,147.78,16.2,41.58,1.75,0,207.31,161.11,-46.2,-28.68,0
IK-2024-0222,2024-04-25,Kirinyaga,Uganda,B,780,Nairobi,None,Gulf Buyer,74.1,78,1,0,264.68,134.82,97.59,35.1,33.48,2.5,3,171.67,159.05,-12.62,-7.93,0
IK-2024-0223,2024-02-02,Nyeri,Uganda,B,3766,Mombasa,Fair Trade,European Roaster A,77.1,29,0,0,263.71,133.93,128.24,13.05,21.99,1.22,0,164.5,163.93,-0.57,-0.35,0
IK-2024-0224,2024-06-22,Murang'a,Tanzania,B,2387,Kampala,None,Asian Buyer,74.3,20,0,1,306.56,128.17,100.65,9.0,15.73,0.66,0,126.04,164.44,38.4,23.35,1
IK-2024-0225,2024-01-11,Meru,Uganda,A,3766,Kampala,Fair Trade,Asian Buyer,87.0,83,0,1,279.2,134.29,162.92,37.35,41.1,4.45,5,250.82,245.91,-4.91,-2.0,0
IK-2024-0226,2024-10-28,Nyeri,Uganda,B,1166,Dar es Salaam,Rainforest Alliance,European Roaster B,76.3,113,1,0,262.8,133.48,133.07,50.85,15.64,4.94,12,216.5,153.78,-62.72,-40.79,0
IK-2024-0227,2024-10-10,Nyeri,Tanzania,B,4688,Nairobi,None,US Specialty,75.1,47,1,1,350.75,133.46,120.77,21.15,41.24,1.87,0,185.03,175.99,-9.04,-5.14,0
IK-2024-0228,2024-04-27,Meru,Uganda,A,1171,Nairobi,Fair Trade,Asian Buyer,82.5,15,1,0,315.02,131.21,153.83,6.75,30.87,0.76,0,192.21,238.79,46.58,19.51,1
IK-2024-0229,2024-10-28,Meru,Uganda,A,2469,Nairobi,Rainforest Alliance,US Specialty,78.6,81,1,1,294.71,130.79,159.27,36.45,43.17,4.24,5,248.13,236.18,-11.95,-5.06,0
IK-2024-0230,2024-04-22,Nyeri,Uganda,Standard,4656,Kampala,None,European Roaster A,69.6,32,1,0,368.01,130.12,85.44,14.4,38.96,0.9,0,139.7,75.03,-64.67,-86.19,0
IK-2024-0231,2024-01-04,Embu,Kenya,AA,3622,Kampala,Fair Trade,Gulf Buyer,90.0,56,0,0,273.94,128.46,205.39,25.2,44.94,3.78,0,279.31,323.74,44.43,13.72,1
IK-2024-0232,2024-02-06,Nandi,Tanzania,AA,4400,Nairobi,Fair Trade,Asian Buyer,85.4,99,0,0,374.71,129.6,224.33,44.55,25.52,7.3,20,321.7,295.2,-26.5,-8.98,0
IK-2024-0233,2024-12-28,Nandi,Kenya,A,1023,Kampala,Rainforest Alliance,Gulf Buyer,79.4,55,0,1,297.68,129.73,170.68,24.75,38.02,3.09,0,236.54,254.97,18.43,7.23,1
IK-2024-0234,2024-11-19,Nyeri,Uganda,A,2893,Dar es Salaam,Organic,Asian Buyer,83.3,116,1,0,366.61,131.39,160.23,52.2,27.06,6.11,25,270.6,171.56,-99.04,-57.73,0
IK-2024-0235,2024-01-31,Kirinyaga,Uganda,A,3617,Kampala,Organic,US Specialty,85.0,21,0,0,332.35,133.23,202.16,9.45,29.4,1.4,0,242.41,271.33,28.92,10.66,1
IK-2024-0236,2024-04-27,Kirinyaga,Kenya,A,3093,Kampala,Rainforest Alliance,Asian Buyer,83.8,99,1,0,359.2,131.32,179.51,44.55,33.83,5.84,12,275.73,225.91,-49.82,-22.05,0
IK-2024-0237,2024-02-04,Embu,Uganda,B,2468,Mombasa,Rainforest Alliance,Asian Buyer,78.5,22,0,0,378.08,128.4,95.7,9.9,41.21,0.69,0,147.5,181.62,34.12,18.79,1
IK-2024-0238,2024-01-17,Murang'a,Tanzania,A,2253,Dar es Salaam,None,European Roaster A,80.1,113,0,0,294.61,134.7,172.8,50.85,44.52,6.42,25,299.59,199.4,-100.19,-50.25,0
IK-2024-0239,2024-06-18,Nyeri,Tanzania,B,2796,Mombasa,Organic,European Roaster B,72.4,71,0,1,375.34,134.6,112.06,31.95,38.05,2.62,3,187.68,171.19,-16.49,-9.63,0
IK-2024-0240,2024-02-06,Kirinyaga,Tanzania,B,2761,Nairobi,None,European Roaster A,79.8,91,0,1,306.74,133.5,130.23,40.95,27.53,3.9,7,209.61,142.2,-67.41,-47.41,0
IK-2024-0241,2024-09-20,Nyeri,Uganda,A,2786,Nairobi,Fair Trade,Gulf Buyer,81.2,98,0,0,306.26,134.94,158.11,44.1,27.64,5.09,12,246.94,218.64,-28.3,-12.94,0
IK-2024-0242,2024-05-01,Embu,Tanzania,Standard,4702,Dar es Salaam,Rainforest Alliance,US Specialty,71.4,106,1,1,300.85,131.81,79.08,47.7,37.13,2.76,3,169.67,130.71,-38.96,-29.81,0
IK-2024-0243,2024-05-22,Meru,Tanzania,A,3378,Kampala,None,US Specialty,85.3,120,1,0,324.97,134.74,177.57,54.0,22.16,7.01,25,285.74,212.14,-73.6,-34.69,0
IK-2024-0244,2024-12-08,Embu,Uganda,AA,4643,Mombasa,Rainforest Alliance,Asian Buyer,88.4,113,0,1,278.5,128.53,237.32,50.85,18.31,8.82,40,355.3,273.26,-82.04,-30.02,0
IK-2024-0245,2024-09-05,Embu,Kenya,B,4144,Dar es Salaam,None,US Specialty,77.1,69,0,1,326.45,130.56,105.6,31.05,25.64,2.4,3,167.69,175.05,7.36,4.2,0
IK-2024-0246,2024-04-19,Embu,Kenya,A,4932,Mombasa,Fair Trade,European Roaster B,87.4,52,1,0,325.0,129.58,164.98,23.4,23.62,2.82,0,214.82,247.44,32.62,13.18,1
IK-2024-0247,2024-10-03,Kirinyaga,Uganda,B,2555,Kampala,Fair Trade,European Roaster B,74.4,85,1,1,351.43,129.37,114.3,38.25,23.89,3.19,3,182.63,164.26,-18.37,-11.18,0
IK-2024-0248,2024-03-08,Embu,Tanzania,B,1776,Mombasa,Organic,Asian Buyer,78.3,117,1,0,360.04,128.99,112.16,52.65,22.01,4.31,12,203.13,158.47,-44.66,-28.18,0
IK-2024-0249,2024-10-19,Meru,Kenya,A,3266,Dar es Salaam,Organic,Asian Buyer,82.1,109,1,0,312.85,132.36,196.48,49.05,16.26,7.04,12,280.83,264.05,-16.78,-6.35,0
IK-2024-0250,2024-10-22,Meru,Kenya,B,802,Kampala,Fair Trade,Gulf Buyer,76.7,121,1,1,296.28,133.47,124.86,54.45,15.54,4.97,12,211.82,152.14,-59.68,-39.23,0
IK-2024-0251,2024-08-30,Meru,Kenya,A,1138,Kampala,None,Asian Buyer,85.8,77,0,0,291.12,132.05,151.09,34.65,44.63,3.82,5,239.19,238.02,-1.17,-0.49,0
IK-2024-0252,2024-05-04,Murang'a,Uganda,A,555,Dar es Salaam,Rainforest Alliance,European Roaster A,83.3,14,1,0,283.35,129.03,183.77,6.3,27.83,0.85,0,218.75,255.76,37.01,14.47,1
IK-2024-0253,2024-08-30,Embu,Kenya,A,1025,Kampala,Fair Trade,European Roaster A,83.3,129,0,0,266.92,133.68,201.83,58.05,26.53,8.56,25,319.97,231.58,-88.39,-38.17,0
IK-2024-0254,2024-07-27,Meru,Kenya,B,4623,Mombasa,Fair Trade,European Roaster A,78.7,46,0,1,301.09,132.45,132.39,20.7,35.39,2.0,0,190.48,182.81,-7.67,-4.2,0
IK-2024-0255,2024-04-07,Murang'a,Uganda,A,2625,Nairobi,None,European Roaster B,81.1,81,1,0,292.43,130.72,147.21,36.45,21.55,3.92,5,214.13,244.58,30.45,12.45,1
IK-2024-0256,2024-02-18,Embu,Uganda,A,3787,Dar es Salaam,Fair Trade,US Specialty,79.9,115,0,0,375.97,132.72,162.74,51.75,43.5,6.15,25,289.14,197.85,-91.29,-46.14,0
IK-2024-0257,2024-02-19,Embu,Uganda,B,864,Mombasa,Fair Trade,Gulf Buyer,73.4,122,0,1,326.93,129.82,135.2,54.9,38.59,5.42,12,246.11,177.5,-68.61,-38.65,0
IK-2024-0258,2024-12-03,Nyeri,Kenya,AA,2146,Kampala,None,Asian Buyer,82.1,101,0,1,301.67,130.42,205.85,45.45,17.68,6.84,20,295.82,272.8,-23.02,-8.44,0
IK-2024-0259,2024-08-08,Embu,Kenya,AA,1418,Nairobi,Fair Trade,Gulf Buyer,92.1,40,0,0,329.66,134.42,228.88,18.0,27.53,3.01,0,277.42,314.54,37.12,11.8,1
IK-2024-0260,2024-06-30,Nandi,Uganda,A,3297,Mombasa,Organic,European Roaster B,79.2,18,0,0,276.7,130.03,181.62,8.1,41.37,1.07,0,232.16,228.69,-3.47,-1.52,0
IK-2024-0261,2024-08-04,Nyeri,Tanzania,AA,2031,Dar es Salaam,Organic,Asian Buyer,86.4,127,0,0,313.29,131.29,201.46,57.15,43.34,8.41,40,350.36,269.04,-81.32,-30.23,0
IK-2024-0262,2024-07-29,Kirinyaga,Uganda,A,3845,Kampala,Organic,Asian Buyer,81.3,60,0,0,335.15,134.23,169.11,27.0,29.02,3.34,5,233.47,239.93,6.46,2.69,0
IK-2024-0263,2024-08-27,Nandi,Kenya,A,2406,Dar es Salaam,Organic,European Roaster B,82.8,38,0,0,318.67,132.95,121.38,17.1,33.4,1.52,0,173.4,244.82,71.42,29.17,1
IK-2024-0264,2024-01-28,Kirinyaga,Kenya,A,3586,Mombasa,Fair Trade,US Specialty,84.0,87,0,1,308.21,128.44,154.63,39.15,20.01,4.42,5,223.21,241.33,18.12,7.51,1
IK-2024-0265,2024-12-10,Murang'a,Uganda,A,2575,Nairobi,Rainforest Alliance,Asian Buyer,84.2,49,0,0,379.26,129.03,166.21,22.05,44.74,2.68,0,235.68,264.21,28.53,10.8,1
IK-2024-0266,2024-11-30,Nandi,Tanzania,AA,1213,Mombasa,Organic,US Specialty,85.5,50,1,0,365.64,128.05,195.04,22.5,21.95,3.21,0,242.7,316.8,74.1,23.39,1
IK-2024-0267,2024-11-26,Nyeri,Tanzania,B,1562,Mombasa,Organic,European Roaster B,75.6,95,1,0,334.81,132.42,139.59,42.75,43.28,4.36,7,236.98,154.34,-82.64,-53.54,0
IK-2024-0268,2024-02-20,Kirinyaga,Kenya,A,2476,Kampala,Fair Trade,Gulf Buyer,82.7,20,0,1,328.33,131.13,148.55,9.0,34.49,0.98,0,193.02,254.46,61.44,24.15,1
IK-2024-0269,2024-02-01,Kirinyaga,Tanzania,B,1796,Dar es Salaam,Fair Trade,Asian Buyer,75.4,32,0,0,334.48,128.94,114.72,14.4,33.23,1.21,0,163.56,182.84,19.28,10.54,1
IK-2024-0270,2024-07-25,Kirinyaga,Tanzania,Standard,625,Mombasa,None,US Specialty,76.0,10,0,1,284.16,134.71,81.05,4.5,30.38,0.27,0,116.2,86.59,-29.61,-34.2,0
IK-2024-0271,2024-06-22,Embu,Tanzania,AA,4096,Mombasa,Organic,Asian Buyer,88.2,55,0,0,307.42,131.71,248.83,24.75,21.92,4.5,0,300.0,318.96,18.96,5.94,1
IK-2024-0272,2024-02-25,Nyeri,Uganda,B,3783,Nairobi,None,US Specialty,77.8,110,0,0,264.74,129.69,102.77,49.5,20.3,3.72,12,188.29,163.52,-24.77,-15.15,0
IK-2024-0273,2024-05-07,Kirinyaga,Kenya,A,2103,Nairobi,Organic,Asian Buyer,83.7,30,1,0,317.07,131.5,187.45,13.5,21.61,1.85,0,224.41,235.54,11.13,4.73,0
IK-2024-0274,2024-04-08,Nyeri,Uganda,A,566,Dar es Salaam,Rainforest Alliance,Asian Buyer,84.9,99,1,0,325.16,132.76,170.15,44.55,20.59,5.54,12,252.83,248.64,-4.19,-1.69,0
IK-2024-0275,2024-04-07,Meru,Tanzania,Standard,732,Dar es Salaam,Fair Trade,Asian Buyer,72.5,119,1,0,287.33,128.53,72.15,53.55,38.39,2.82,5,171.91,97.75,-74.16,-75.87,0
IK-2024-0276,2024-10-01,Meru,Kenya,A,2656,Kampala,Fair Trade,Gulf Buyer,78.8,45,1,0,375.68,129.92,176.93,20.25,25.5,2.62,0,225.3,241.88,16.58,6.85,1
IK-2024-0277,2024-08-17,Nandi,Uganda,A,1669,Dar es Salaam,None,Asian Buyer,83.0,63,0,0,369.13,133.65,172.99,28.35,16.74,3.58,5,226.66,232.4,5.74,2.47,0
IK-2024-0278,2024-03-12,Embu,Kenya,B,2658,Nairobi,None,US Specialty,74.4,96,1,1,346.66,131.22,112.8,43.2,44.07,3.56,7,210.63,158.23,-52.4,-33.12,0
IK-2024-0279,2024-08-04,Meru,Uganda,B,4706,Dar es Salaam,Fair Trade,Gulf Buyer,74.7,66,0,0,324.01,131.83,120.84,29.7,41.51,2.62,3,197.67,145.56,-52.11,-35.8,0
IK-2024-0280,2024-04-03,Murang'a,Kenya,A,1993,Mombasa,Fair Trade,European Roaster A,83.5,10,1,1,364.4,131.03,164.22,4.5,42.83,0.54,0,212.09,218.4,6.31,2.89,0
IK-2024-0281,2024-05-22,Nyeri,Uganda,B,4507,Dar es Salaam,Fair Trade,US Specialty,79.1,72,1,0,275.68,128.31,121.36,32.4,44.85,2.87,3,204.48,185.92,-18.56,-9.98,0
IK-2024-0282,2024-08-24,Kirinyaga,Tanzania,B,2972,Dar es Salaam,Organic,US Specialty,76.1,63,0,0,354.86,129.16,127.95,28.35,20.22,2.65,3,182.17,149.3,-32.87,-22.02,0
IK-2024-0283,2024-05-07,Murang'a,Uganda,B,3160,Kampala,Organic,European Roaster A,76.8,64,1,0,274.98,131.12,139.03,28.8,26.89,2.93,3,200.65,147.13,-53.52,-36.38,0
IK-2024-0284,2024-02-08,Nandi,Tanzania,A,3239,Mombasa,Rainforest Alliance,Gulf Buyer,86.3,124,0,0,355.31,129.46,151.43,55.8,37.75,6.17,25,276.15,182.7,-93.45,-51.15,0
IK-2024-0285,2024-08-14,Murang'a,Uganda,A,2261,Kampala,Organic,Asian Buyer,82.6,49,0,0,293.09,128.35,202.0,22.05,35.88,3.25,0,263.18,230.42,-32.76,-14.22,0
IK-2024-0286,2024-10-08,Nandi,Tanzania,A,4014,Nairobi,Fair Trade,US Specialty,88.5,24,1,0,365.25,133.91,140.72,10.8,19.62,1.11,0,172.25,220.15,47.9,21.76,1
IK-2024-0287,2024-02-20,Meru,Tanzania,A,2475,Dar es Salaam,Organic,European Roaster A,83.4,30,0,0,373.29,134.87,167.72,13.5,39.47,1.65,0,222.34,264.63,42.29,15.98,1
IK-2024-0288,2024-01-26,Nyeri,Uganda,B,2862,Dar es Salaam,None,Asian Buyer,71.6,56,0,0,277.86,133.55,127.06,25.2,21.73,2.34,0,176.33,180.15,3.82,2.12,0
IK-2024-0289,2024-11-29,Nandi,Uganda,B,1376,Nairobi,Fair Trade,Gulf Buyer,77.9,82,1,0,315.52,133.98,123.37,36.9,21.71,3.33,3,188.31,151.68,-36.63,-24.15,0
IK-2024-0290,2024-10-03,Kirinyaga,Kenya,B,4312,Kampala,Organic,US Specialty,77.0,62,1,1,377.72,129.69,112.53,27.9,31.11,2.29,3,176.83,195.79,18.96,9.68,1
IK-2024-0291,2024-01-08,Murang'a,Uganda,B,3948,Mombasa,Fair Trade,Asian Buyer,79.2,18,0,1,318.01,134.72,117.5,8.1,32.79,0.7,0,159.09,179.73,20.64,11.48,1
IK-2024-0292,2024-02-17,Nandi,Kenya,Standard,1812,Kampala,None,Asian Buyer,73.7,83,0,1,363.63,129.38,76.06,37.35,32.4,2.08,1,148.89,99.13,-49.76,-50.2,0
IK-2024-0293,2024-05-01,Embu,Uganda,Standard,1960,Kampala,None,European Roaster B,71.7,61,1,1,330.65,134.66,75.29,27.45,17.74,1.51,1,122.99,66.51,-56.48,-84.92,0
IK-2024-0294,2024-03-26,Nandi,Kenya,A,3209,Mombasa,Organic,European Roaster A,78.9,66,1,0,305.04,134.96,182.74,29.7,41.32,3.97,5,262.73,269.36,6.63,2.46,0
IK-2024-0295,2024-07-27,Kirinyaga,Tanzania,Standard,2824,Dar es Salaam,Fair Trade,Asian Buyer,71.5,126,0,0,294.29,132.98,82.86,56.7,22.97,3.43,5,170.96,79.16,-91.8,-115.97,0
IK-2024-0296,2024-09-05,Meru,Uganda,A,2233,Kampala,Rainforest Alliance,Gulf Buyer,79.9,35,0,1,284.39,134.87,159.61,15.75,18.89,1.84,0,196.09,215.32,19.23,8.93,1
IK-2024-0297,2024-09-03,Nyeri,Tanzania,B,2105,Nairobi,None,European Roaster B,74.5,50,0,0,351.42,131.99,130.8,22.5,41.66,2.15,0,197.11,180.34,-16.77,-9.3,0
IK-2024-0298,2024-04-19,Embu,Uganda,AA,3063,Mombasa,Rainforest Alliance,Asian Buyer,88.5,44,1,0,306.38,129.82,226.15,19.8,43.67,3.27,0,292.89,346.6,53.71,15.5,1
IK-2024-0299,2024-07-24,Kirinyaga,Kenya,A,3921,Dar es Salaam,Organic,Asian Buyer,86.2,72,0,0,321.35,131.06,182.19,32.4,40.86,4.31,5,264.76,255.76,-9.0,-3.52,0
IK-2024-0300,2024-01-31,Nandi,Uganda,B,4017,Mombasa,None,Gulf Buyer,77.0,125,0,0,319.08,132.15,127.56,56.25,39.29,5.24,12,240.34,161.46,-78.88,-48.85,0
